model,seed,combined,ligand,protein,delta_r2_combined_vs_ligand
boltz,,,,,
boltz,42.0,0.5293885469436646,0.4161006808280945,0.3453467488288879,0.11328786611557007
boltz,43.0,0.5067095756530762,0.392650842666626,0.3131943345069885,0.1140587329864502
boltz,44.0,0.5245537757873535,0.4225049018859863,0.3531315922737121,0.10204887390136724
boltz,45.0,0.515121340751648,0.3705403208732605,0.3589376211166382,0.14458101987838745
boltz,46.0,0.5073755979537964,0.428148865699768,0.317225694656372,0.07922673225402838
boltz,47.0,0.4828343987464905,0.3774328231811523,0.3150343298912048,0.10540157556533819
boltz,48.0,0.4564825892448425,0.3652912378311157,0.3022385835647583,0.09119135141372675
boltz,49.0,0.5141592025756836,0.3884423375129699,0.3228671550750732,0.12571686506271368
boltz,50.0,0.4896895289421081,0.382014513015747,0.3010141849517822,0.10767501592636108
boltz,51.0,0.5205734968185425,0.4020679593086242,0.3041817545890808,0.11850553750991827
esm2,,,,,
esm2,42.0,0.4356930255889892,0.3855860233306885,0.3285318613052368,0.050107002258300726
esm2,43.0,0.444831371307373,0.3699778318405151,0.3182856440544128,0.07485353946685791
esm2,44.0,0.5000115633010864,0.4171953201293945,0.338520348072052,0.08281624317169195
esm2,45.0,0.4282267689704895,0.3718355894088745,0.342557430267334,0.05639117956161499
esm2,46.0,0.4553453326225281,0.4188164472579956,0.3181568384170532,0.03652888536453247
esm2,47.0,0.4332106113433838,0.3857066631317138,0.3057389259338379,0.04750394821166998
esm2,48.0,0.4199323058128357,0.3401286602020263,0.280148446559906,0.07980364561080938
esm2,49.0,0.4461297988891601,0.37838214635849,0.323548674583435,0.06774765253067011
esm2,50.0,0.454642117023468,0.3774585127830505,0.3155384063720703,0.07718360424041754
esm2,51.0,0.4231448769569397,0.3730028867721557,0.2781916260719299,0.05014199018478399
progen2,,,,,
progen2,42.0,0.1750390529632568,0.3970198631286621,0.1869616508483886,-0.2219808101654053
progen2,43.0,0.0674318075180053,0.3722334504127502,0.1049544215202331,-0.3048016428947449
progen2,44.0,0.1752315759658813,0.4064569473266601,0.1832602620124817,-0.2312253713607788
progen2,45.0,0.1518628001213073,0.380098819732666,0.1470481753349304,-0.22823601961135873
progen2,46.0,0.1821637153625488,0.3934096693992615,0.1774274110794067,-0.21124595403671267
progen2,47.0,0.1160003542900085,0.3718108534812927,0.114138662815094,-0.25581049919128424
progen2,48.0,0.1257458925247192,0.3417847752571106,0.1019920706748962,-0.21603888273239139
progen2,49.0,0.1787037253379821,0.3630220293998718,0.1782819032669067,-0.18431830406188973
progen2,50.0,0.1723178029060363,0.3651565909385681,0.1735721826553344,-0.19283878803253182
progen2,51.0,0.1587124466896057,0.3667740821838379,0.1754482984542846,-0.20806163549423218
prostt5,,,,,
prostt5,42.0,0.5025467276573181,0.3728047609329223,0.3495633602142334,0.1297419667243958
prostt5,43.0,0.4672860503196716,0.3795408606529236,0.3109356164932251,0.08774518966674799
prostt5,44.0,0.4824707508087158,0.4013599157333374,0.3751458525657654,0.08111083507537842
prostt5,45.0,0.5073503255844116,0.378454327583313,0.3694178462028503,0.12889599800109863
prostt5,46.0,0.4611645936965942,0.4070032238960266,0.3596008419990539,0.05416136980056757
prostt5,47.0,0.4864242672920227,0.39922696352005,0.3332563638687134,0.08719730377197271
prostt5,48.0,0.4511633515357971,0.3397284150123596,0.3375808000564575,0.1114349365234375
prostt5,49.0,0.4643816351890564,0.3802868127822876,0.3503670692443847,0.0840948224067688
prostt5,50.0,0.4498938322067261,0.3403608798980713,0.3302153348922729,0.10953295230865479
prostt5,51.0,0.4402998089790344,0.3658950924873352,0.3180955052375793,0.07440471649169922
protgpt2,,,,,
protgpt2,42.0,0.4967334866523742,0.3921714425086975,0.3603739142417907,0.1045620441436767
protgpt2,43.0,0.4770902991294861,0.341870367527008,0.3070361614227295,0.13521993160247808
protgpt2,44.0,0.4747034311294555,0.4009350538253784,0.393235445022583,0.07376837730407709
protgpt2,45.0,0.4948314428329468,0.3761194944381714,0.3708694577217102,0.11871194839477539
protgpt2,46.0,0.4406999945640564,0.4128782749176025,0.345008909702301,0.027821719646453913
protgpt2,47.0,0.4628953337669372,0.3767226338386535,0.3505382537841797,0.08617269992828369
protgpt2,48.0,0.4438735246658325,0.3493772149085998,0.3302111625671386,0.09449630975723272
protgpt2,49.0,0.456795334815979,0.3730871677398681,0.3639247417449951,0.0837081670761109
protgpt2,50.0,0.3870365619659424,0.3474456071853637,0.284701943397522,0.03959095478057867
protgpt2,51.0,0.446715772151947,0.3846550583839416,0.317618727684021,0.06206071376800543
