model,modality,n_seeds,r2_mean,r2_sd,rmse_mean,rmse_sd,mae_mean,mae_sd
boltz,combined,10,0.5047,0.0223,1.3021,0.0254,1.0043,0.0186
boltz,ligand,10,0.3945,0.022,1.4398,0.0231,1.118,0.0209
boltz,protein,10,0.3233,0.0215,1.5222,0.0204,1.1858,0.0148
esm2,combined,10,0.4441,0.0232,1.3795,0.027,1.0588,0.0239
esm2,ligand,10,0.3818,0.0229,1.4548,0.0188,1.1245,0.0127
esm2,protein,10,0.3149,0.0217,1.5316,0.0155,1.1667,0.0087
progen2,combined,10,0.1503,0.0369,1.7056,0.0355,1.3604,0.0316
progen2,ligand,10,0.3758,0.019,1.4619,0.0119,1.1319,0.0105
progen2,protein,10,0.1543,0.0344,1.7016,0.0318,1.3562,0.0263
prostt5,combined,10,0.4713,0.0227,1.3453,0.0215,1.0289,0.0139
prostt5,ligand,10,0.3765,0.0233,1.4611,0.0244,1.1273,0.0154
prostt5,protein,10,0.3434,0.0212,1.4994,0.0215,1.1539,0.0175
protgpt2,combined,10,0.4581,0.032,1.3618,0.0391,1.0419,0.0223
protgpt2,ligand,10,0.3755,0.0236,1.4622,0.0237,1.1256,0.0149
protgpt2,protein,10,0.3424,0.0327,1.5004,0.0345,1.1497,0.0214
